epoch,loss,val_loss
0,0.05306617170572281,0.019819684326648712
